cluster_id,area_m2,radius_m,meets_threshold
0,2817916.083333333,100,True
1,8400290.916666666,100,True
2,6.916666666666666,100,False
3,89.75,100,False
4,43.916666666666664,100,False
5,596918.9166666666,100,True
6,13.75,100,False
7,302.25,100,False
8,49706.33333333333,100,True
9,1.75,100,False
10,119.16666666666667,100,False
11,133.25,100,False
12,261.66666666666663,100,False
13,58.5,100,False
14,18.083333333333332,100,False
15,58.16666666666666,100,False
16,42.5,100,False
17,12.249999999999998,100,False
18,14.0,100,False
19,1153910.4166666665,100,True
20,1679935.6666666665,100,True
21,135862.41666666663,100,True
22,65435.91666666666,100,True
23,151676.0833333333,100,True
24,7710.416666666666,100,True
25,4437.666666666666,100,True
26,8100.416666666666,100,True
27,137924.66666666666,100,True
28,146.33333333333331,100,False
29,1935.5,100,False
30,2592.166666666666,100,False
31,1567.7499999999998,100,False
32,469.83333333333326,100,False
33,723.4166666666665,100,False
34,3018639.666666667,100,True
35,17573.666666666664,100,True
36,87382.91666666667,100,True
37,14820.749999999998,100,True
38,3093.4166666666665,100,False
39,1462.3333333333333,100,False
40,588.7499999999999,100,False
41,15330.5,100,True
42,2328.833333333333,100,False
43,421332.24999999994,100,True
44,12551.166666666666,100,True
45,12502.0,100,True
46,2292.333333333333,100,False
47,7389347.833333333,100,True
48,650.8333333333333,100,False
49,225043.8333333333,100,True
50,16686.416666666664,100,True
51,4190.5,100,True
52,1918.333333333333,100,False
53,224877.41666666663,100,True
54,130585.33333333333,100,True
55,3487.083333333333,100,False
56,6847.333333333333,100,True
57,23524.416666666664,100,True
58,2476.7499999999995,100,False
59,213979.3333333333,100,True
60,736679.3333333333,100,True
61,1485.083333333333,100,False
62,62906.83333333332,100,True
63,36746.74999999999,100,True
64,79207.49999999999,100,True
65,7825.999999999999,100,True
66,2425.333333333333,100,False
67,811180.75,100,True
68,1162.5,100,False
69,142033.25,100,True
70,5560.916666666666,100,True
71,98950.08333333333,100,True
72,111969.41666666666,100,True
73,856341.5833333333,100,True
74,215645.66666666666,100,True
75,228124.16666666663,100,True
76,279100.5833333333,100,True
77,821.3333333333333,100,False
78,570.4999999999999,100,False
79,121.83333333333333,100,False
80,41212.333333333336,100,True
81,1597.6666666666663,100,False
82,13687.5,100,True
83,3590.583333333333,100,False
84,877.9166666666666,100,False
85,4552.75,100,True
86,1615.3333333333333,100,False
87,21512.416666666664,100,True
88,56838.0,100,True
89,2398.1666666666665,100,False
90,5991119.75,100,True
91,1.1666666666666665,100,False
92,226518.66666666666,100,True
93,1955169.9166666667,100,True
94,45307.916666666664,100,True
95,12598.75,100,True
96,17474.416666666664,100,True
97,8837.0,100,True
98,3275.916666666666,100,False
99,408.8333333333333,100,False
100,37.24999999999999,100,False
101,308.0,100,False
102,16294.333333333332,100,True
103,2993.4999999999995,100,False
104,85.33333333333333,100,False
105,8.5,100,False
106,4030.2499999999995,100,True
107,844.6666666666666,100,False
108,72.75,100,False
109,432.66666666666663,100,False
110,2158.6666666666665,100,False
111,76.0,100,False
112,420.5833333333333,100,False
113,621.75,100,False
114,306310.08333333326,100,True
115,71.66666666666666,100,False
116,2259.0833333333335,100,False
117,30988.916666666664,100,True
118,339388.4166666666,100,True
119,47998.33333333333,100,True
120,6845.5,100,True
121,832.9999999999999,100,False
122,5630.416666666666,100,True
123,4437.0,100,True
124,4186.916666666666,100,True
125,6229.0,100,True
126,733.25,100,False
127,236458.75,100,True
128,500.41666666666663,100,False
129,251.41666666666663,100,False
130,127.99999999999999,100,False
131,4004.4166666666665,100,True
132,2119.416666666666,100,False
133,2791.583333333333,100,False
134,32485.58333333333,100,True
135,665.3333333333333,100,False
136,12406.0,100,True
137,1243.5833333333333,100,False
138,156.41666666666669,100,False
139,10903.333333333332,100,True
140,8534.75,100,True
141,863637.2499999999,100,True
142,2426.666666666666,100,False
143,494.41666666666663,100,False
144,14774.499999999998,100,True
145,349.5,100,False
146,463.83333333333326,100,False
147,10.749999999999998,100,False
148,62.25,100,False
149,99.16666666666667,100,False
150,95771.83333333333,100,True
151,8984.416666666666,100,True
152,2906.583333333333,100,False
153,126922.5,100,True
154,2473.333333333333,100,False
155,357.24999999999994,100,False
156,871.1666666666665,100,False
157,3.083333333333333,100,False
158,3152.416666666666,100,False
159,407.0833333333333,100,False
160,2324.25,100,False
161,1482.1666666666665,100,False
162,904928.4999999999,100,True
163,86452.16666666666,100,True
164,8929.0,100,True
165,165.41666666666666,100,False
166,253.16666666666666,100,False
167,6244.416666666666,100,True
168,5608.5,100,True
169,4884.666666666666,100,True
170,5579.916666666666,100,True
171,17846.5,100,True
172,410.75,100,False
173,747.7499999999999,100,False
174,6639.166666666666,100,True
175,60.33333333333333,100,False
176,2665.9999999999995,100,False
177,10120.25,100,True
178,315.83333333333326,100,False
179,2373.166666666666,100,False
180,8579.75,100,True
181,103.33333333333333,100,False
182,3707.083333333333,100,True
183,402.16666666666663,100,False
184,440.75,100,False
185,2944.333333333333,100,False
186,90.5,100,False
187,481.41666666666663,100,False
188,110.16666666666666,100,False
189,298.91666666666663,100,False
190,444.5,100,False
191,346.25,100,False
192,1309.833333333333,100,False
193,127.49999999999999,100,False
194,7297.333333333333,100,True
195,98.49999999999999,100,False
196,710.3333333333333,100,False
197,1544.3333333333333,100,False
198,8987.75,100,True
199,1681.25,100,False
200,155.24999999999997,100,False
201,517.25,100,False
202,168.58333333333331,100,False
203,7374.583333333333,100,True
204,3778.583333333333,100,True
205,5.916666666666666,100,False
206,3740.916666666666,100,True
207,4809.0,100,True
208,2490.416666666666,100,False
209,440.58333333333326,100,False
210,1455.4166666666665,100,False
211,36896.416666666664,100,True
212,15926.833333333332,100,True
213,101.16666666666666,100,False
214,1646.5,100,False
215,1522.1666666666665,100,False
216,15265.083333333332,100,True
217,36.0,100,False
218,231.74999999999994,100,False
219,3791.5,100,True
220,12592.499999999998,100,True
221,2303.1666666666665,100,False
222,118.41666666666664,100,False
223,7002.666666666666,100,True
224,3821.9166666666665,100,True
225,186.66666666666666,100,False
226,332.91666666666663,100,False
227,1044.3333333333333,100,False
228,1884.7499999999998,100,False
229,121.33333333333333,100,False
230,325.91666666666663,100,False
231,2189.916666666666,100,False
232,1567.1666666666665,100,False
233,1478522.9166666665,100,True
234,4943.0,100,True
235,617.4999999999999,100,False
236,1403.4166666666663,100,False
237,2665.6666666666665,100,False
238,32961.583333333336,100,True
239,12867.666666666666,100,True
240,545.4999999999999,100,False
241,309.91666666666663,100,False
242,48408.75,100,True
243,21807.833333333332,100,True
244,2600.0833333333326,100,False
245,7231.249999999999,100,True
246,12123.25,100,True
247,203.74999999999997,100,False
248,16773.0,100,True
249,3834.916666666666,100,True
250,323.58333333333326,100,False
251,404.58333333333326,100,False
252,322.0,100,False
253,3524.583333333333,100,False
254,1252.7499999999998,100,False
255,4.083333333333333,100,False
256,208.41666666666666,100,False
257,244.16666666666666,100,False
258,19238.083333333332,100,True
259,7731.75,100,True
260,152.16666666666663,100,False
261,2131.666666666666,100,False
262,90099.08333333333,100,True
263,3612.6666666666665,100,False
264,2097.166666666666,100,False
265,3150.75,100,False
266,10.916666666666666,100,False
267,30834.58333333333,100,True
268,1305.1666666666665,100,False
269,141.25,100,False
270,334.0833333333333,100,False
271,4084.25,100,True
272,1497.6666666666665,100,False
273,82372.0,100,True
274,138.33333333333331,100,False
275,159.66666666666666,100,False
276,3614.916666666666,100,False
277,3726.1666666666665,100,True
278,190.83333333333331,100,False
279,670.0,100,False
280,279.41666666666663,100,False
281,7211.583333333333,100,True
282,3170.7499999999995,100,False
283,1475.9166666666667,100,False
284,61.33333333333332,100,False
285,568.4166666666666,100,False
286,560.1666666666666,100,False
287,1895.0,100,False
288,7243.499999999999,100,True
289,346.83333333333326,100,False
290,19.666666666666664,100,False
291,61.58333333333333,100,False
292,122.74999999999999,100,False
293,1445.6666666666665,100,False
294,5.416666666666666,100,False
295,6426.0,100,True
296,1309.5833333333333,100,False
297,637.6666666666666,100,False
298,47.33333333333333,100,False
299,148.16666666666666,100,False
300,877.4166666666665,100,False
301,44.24999999999999,100,False
302,645.4166666666666,100,False
303,54481.83333333333,100,True
304,1626.1666666666665,100,False
305,801.0833333333334,100,False
306,7085.666666666666,100,True
307,451.33333333333326,100,False
308,2158.0,100,False
309,606.5833333333333,100,False
310,1981.8333333333333,100,False
311,10561.833333333332,100,True
312,3334.416666666666,100,False
313,79032.75,100,True
314,4241.666666666667,100,True
315,3193.833333333333,100,False
316,6077.833333333333,100,True
317,12554.166666666666,100,True
318,75.83333333333331,100,False
319,5718.916666666666,100,True
320,2130.6666666666665,100,False
321,1488.3333333333333,100,False
322,1406.5,100,False
323,1480.5,100,False
324,16978.916666666664,100,True
325,17196.666666666664,100,True
326,154.5,100,False
327,164202.5,100,True
328,2047.583333333333,100,False
329,2007.0,100,False
330,2184.5,100,False
331,588.5833333333333,100,False
332,857.5,100,False
333,1013.5833333333333,100,False
334,340.66666666666663,100,False
335,1637.1666666666663,100,False
336,3816.25,100,True
337,4375.083333333333,100,True
338,2245.666666666667,100,False
339,1583.6666666666665,100,False
340,5980.083333333333,100,True
341,3407.0,100,False
342,2520.9166666666665,100,False
343,35446.666666666664,100,True
344,227.16666666666663,100,False
345,487.58333333333326,100,False
346,2501.75,100,False
347,1915.4166666666665,100,False
348,35.83333333333333,100,False
349,0.0833333333333333,100,False
350,3858.833333333333,100,True
351,281.25,100,False
352,0.0,100,False
353,6181.749999999999,100,True
354,4126.416666666666,100,True
355,140.25,100,False
356,8699.5,100,True
357,4804.916666666666,100,True
358,231.5,100,False
359,32584.166666666664,100,True
360,3713.916666666666,100,True
361,1858.583333333333,100,False
362,2601.083333333333,100,False
363,3361.083333333333,100,False
364,514.4999999999999,100,False
365,6488.916666666666,100,True
366,9517.833333333332,100,True
367,1918.7499999999998,100,False
368,13868.249999999998,100,True
369,5.083333333333333,100,False
370,3149.166666666666,100,False
371,235.58333333333331,100,False
372,2137.7499999999995,100,False
373,1114.8333333333333,100,False
374,2236.333333333333,100,False
375,15319.166666666666,100,True
376,5587.416666666666,100,True
377,961.1666666666666,100,False
378,99751.49999999999,100,True
379,616.4166666666666,100,False
380,10057.833333333332,100,True
381,44080.91666666666,100,True
382,911.1666666666665,100,False
383,85513.75,100,True
384,143.91666666666666,100,False
385,3444.916666666666,100,False
386,4214.083333333333,100,True
387,1745.6666666666665,100,False
388,2595.083333333333,100,False
389,5507.166666666667,100,True
390,3866.6666666666665,100,True
391,3722.9999999999995,100,True
392,4327.25,100,True
393,2233.9999999999995,100,False
394,4965.25,100,True
395,7101.75,100,True
396,10829.75,100,True
397,1351.4166666666665,100,False
398,27687.91666666666,100,True
399,2905.5833333333335,100,False
400,555.3333333333333,100,False
401,1579.6666666666665,100,False
402,8507.083333333332,100,True
403,6100.333333333333,100,True
404,146.91666666666666,100,False
405,904.8333333333333,100,False
406,5341.833333333332,100,True
407,7525.25,100,True
408,5713.916666666666,100,True
409,2015.8333333333333,100,False
410,1475.833333333333,100,False
411,3685.083333333333,100,True
412,3704.833333333333,100,True
413,1471.0833333333333,100,False
414,846.5,100,False
415,6158.916666666666,100,True
416,1441.5,100,False
417,78.75,100,False
418,1306.8333333333333,100,False
419,1502.6666666666665,100,False
420,585.9999999999999,100,False
421,124.91666666666666,100,False
422,1305.5,100,False
423,1760.9166666666665,100,False
424,439.0833333333333,100,False
425,153.5,100,False
426,5946.999999999999,100,True
427,195.08333333333331,100,False
428,629.1666666666666,100,False
429,558.0,100,False
430,3274.7499999999995,100,False
431,1343.5833333333335,100,False
432,1553.3333333333333,100,False
433,415.8333333333333,100,False
434,7922.416666666667,100,True
435,2249.083333333333,100,False
436,1162.8333333333333,100,False
437,6166.916666666666,100,True
438,1833.333333333333,100,False
439,2623.5,100,False
440,972.4166666666666,100,False
441,1967.4999999999995,100,False
442,2739.833333333333,100,False
443,771.2499999999999,100,False
444,65.83333333333333,100,False
445,3723.166666666666,100,True
446,17031.666666666664,100,True
447,1036.0833333333333,100,False
448,254.91666666666663,100,False
449,40.58333333333333,100,False
450,2.6666666666666665,100,False
451,1133.3333333333333,100,False
452,161.91666666666666,100,False
453,3048.9999999999995,100,False
454,23.5,100,False
455,4635.166666666666,100,True
456,180.5,100,False
457,171158.3333333333,100,True
458,3031.6666666666665,100,False
459,1764.75,100,False
460,2477.5,100,False
461,0.0,100,False
462,224960.16666666666,100,True
463,20.416666666666664,100,False
464,5990.333333333333,100,True
465,5109.833333333333,100,True
466,411.16666666666663,100,False
467,2230.083333333333,100,False
468,3218.416666666666,100,False
469,17665.333333333336,100,True
470,5660.333333333333,100,True
471,9430.75,100,True
472,3684.666666666667,100,True
473,1219.9166666666665,100,False
474,3636.333333333333,100,False
475,105.41666666666666,100,False
476,1724.7499999999995,100,False
477,3951.1666666666665,100,True
478,152.91666666666666,100,False
479,1138.9999999999998,100,False
480,486.66666666666663,100,False
481,3839.333333333333,100,True
482,2487.9166666666665,100,False
483,46643.74999999999,100,True
484,72.75,100,False
485,6969.416666666666,100,True
486,1653.9166666666665,100,False
487,5842.75,100,True
488,4808.416666666666,100,True
489,10173.666666666666,100,True
490,5354.416666666667,100,True
491,294.25,100,False
492,436.58333333333326,100,False
493,1314.9166666666665,100,False
494,15483.0,100,True
495,149.83333333333331,100,False
496,169727.0833333333,100,True
497,1379.333333333333,100,False
498,13102.166666666666,100,True
499,5698.416666666666,100,True
500,1285.5833333333333,100,False
501,1913.833333333333,100,False
502,1999.0,100,False
503,110.99999999999999,100,False
504,877.4166666666666,100,False
505,2676.9999999999995,100,False
506,1680.9166666666665,100,False
507,1185.1666666666665,100,False
508,1396.0,100,False
509,2691.25,100,False
510,3486.833333333333,100,False
511,145.91666666666666,100,False
512,72.58333333333333,100,False
513,999.4166666666665,100,False
514,379.16666666666663,100,False
515,544.75,100,False
516,295.3333333333333,100,False
517,37.58333333333333,100,False
518,78.91666666666667,100,False
519,115.33333333333331,100,False
520,1676.0,100,False
521,2651.1666666666665,100,False
522,1668.3333333333333,100,False
523,12595.416666666666,100,True
524,1598.5833333333333,100,False
525,38231.666666666664,100,True
526,169.66666666666666,100,False
527,69.83333333333333,100,False
528,571.6666666666666,100,False
529,0.0,100,False
530,111211.33333333333,100,True
531,172.5,100,False
532,1016.7499999999999,100,False
533,545.3333333333334,100,False
534,35052.16666666667,100,True
535,1346.1666666666665,100,False
536,960.9999999999999,100,False
537,2694.5,100,False
538,317.0833333333333,100,False
539,1448.1666666666665,100,False
540,190.74999999999997,100,False
541,37.58333333333333,100,False
542,5662.833333333333,100,True
543,68.91666666666666,100,False
544,250.91666666666663,100,False
545,1174.5833333333328,100,False
546,1511.5833333333333,100,False
547,52810.08333333333,100,True
548,3658.083333333333,100,True
549,3203.333333333333,100,False
550,353832.74999999994,100,True
551,74518.0,100,True
552,426.41666666666663,100,False
553,968.2499999999998,100,False
554,1363.4999999999998,100,False
555,13456.916666666666,100,True
556,0.0,100,False
557,809.6666666666665,100,False
558,5146.583333333333,100,True
559,2961.1666666666665,100,False
560,0.0,100,False
561,91.5,100,False
562,318.41666666666663,100,False
563,95.0,100,False
564,791.75,100,False
565,10382.749999999998,100,True
566,45.166666666666664,100,False
567,4192.416666666666,100,True
568,30430.416666666664,100,True
569,369.3333333333333,100,False
570,0.0,100,False
571,3009.1666666666665,100,False
572,7875.916666666667,100,True
573,3019.0,100,False
574,2215.6666666666665,100,False
575,26.666666666666664,100,False
576,108.41666666666666,100,False
577,16.083333333333332,100,False
578,6242.916666666666,100,True
579,2168.25,100,False
580,298.25,100,False
581,19135.5,100,True
582,379411.8333333333,100,True
583,32.75,100,False
584,3017.666666666666,100,False
585,38.08333333333333,100,False
586,1242.9166666666665,100,False
587,1960.6666666666667,100,False
588,176234.49999999997,100,True
589,114843.91666666666,100,True
590,154.74999999999997,100,False
591,0.0,100,False
592,0.0,100,False
593,614.1666666666665,100,False
594,623.0833333333333,100,False
595,79.58333333333333,100,False
596,135.49999999999997,100,False
597,892.9166666666666,100,False
598,1619.0,100,False
599,15604.333333333332,100,True
600,1477.5833333333333,100,False
601,0.0,100,False
602,2260.083333333333,100,False
603,10336.916666666666,100,True
604,2229.1666666666665,100,False
605,3140.75,100,False
606,17172.916666666664,100,True
607,19.166666666666664,100,False
608,596.25,100,False
609,58978.249999999985,100,True
610,5045.083333333333,100,True
611,55.25,100,False
612,1438.25,100,False
613,475.8333333333333,100,False
614,10784.583333333334,100,True
615,1698.4166666666665,100,False
616,3011.25,100,False
617,4025.4999999999995,100,True
618,213.41666666666663,100,False
619,66.91666666666666,100,False
620,5616.666666666666,100,True
621,23041.583333333332,100,True
622,146.16666666666666,100,False
623,3743.666666666666,100,True
624,421.5,100,False
625,8779.666666666666,100,True
626,28410.833333333336,100,True
627,115951.66666666666,100,True
628,17059.416666666668,100,True
629,96.08333333333333,100,False
630,4276.083333333334,100,True
631,1773.8333333333333,100,False
632,1317.333333333333,100,False
633,941.5,100,False
634,72.74999999999999,100,False
635,134.33333333333331,100,False
636,1876.25,100,False
637,1740.5,100,False
638,2.5,100,False
639,684.1666666666666,100,False
640,1743.25,100,False
641,405.24999999999994,100,False
642,248.0,100,False
643,511.99999999999994,100,False
644,62623.66666666666,100,True
645,729.6666666666666,100,False
646,466.49999999999994,100,False
647,79.16666666666666,100,False
648,34.99999999999999,100,False
649,20361.249999999996,100,True
650,334.58333333333326,100,False
651,38156.99999999999,100,True
652,1400.083333333333,100,False
653,284.8333333333333,100,False
654,153.16666666666666,100,False
655,5376.25,100,True
656,2868.25,100,False
657,657.9166666666666,100,False
658,3638.2499999999995,100,False
659,7470.416666666666,100,True
660,76.74999999999999,100,False
661,493.91666666666663,100,False
662,2424.1666666666665,100,False
663,54198.83333333332,100,True
664,10476.583333333332,100,True
665,304.9166666666667,100,False
666,3606.333333333333,100,False
667,2571.6666666666665,100,False
668,4326.083333333333,100,True
669,3083.1666666666665,100,False
670,214.25,100,False
671,8606.25,100,True
672,13801.5,100,True
673,417.33333333333326,100,False
674,2501.5,100,False
675,377.41666666666663,100,False
676,1558.8333333333333,100,False
677,411.9999999999999,100,False
678,18215.916666666664,100,True
679,377.5,100,False
680,227.5,100,False
681,6489.666666666667,100,True
682,289.8333333333333,100,False
683,2899.25,100,False
684,695.1666666666666,100,False
685,1691.333333333333,100,False
686,67899.75,100,True
687,22357.583333333332,100,True
688,368.66666666666663,100,False
689,6375.916666666666,100,True
690,79.49999999999999,100,False
691,13240.416666666666,100,True
692,2272.5,100,False
693,7263.083333333332,100,True
694,33804.666666666664,100,True
695,1157.6666666666665,100,False
696,1702.9166666666663,100,False
697,1234.5833333333333,100,False
698,1227.5,100,False
699,1009.5833333333333,100,False
700,12276.166666666666,100,True
701,90055.41666666666,100,True
702,4259.583333333333,100,True
703,456.41666666666663,100,False
704,7611.083333333333,100,True
705,2405.833333333333,100,False
706,1260.0,100,False
707,353.66666666666663,100,False
708,488.99999999999994,100,False
709,1938.6666666666665,100,False
710,2861.4999999999995,100,False
711,476.91666666666663,100,False
712,433.91666666666663,100,False
713,3608.833333333333,100,False
714,7754.0,100,True
715,473.9166666666666,100,False
716,1965.5,100,False
717,2669.4166666666665,100,False
718,1938.5833333333333,100,False
719,4870.583333333333,100,True
720,186.41666666666666,100,False
721,84.16666666666666,100,False
722,25.5,100,False
723,204.91666666666666,100,False
724,49.166666666666664,100,False
725,543.7499999999999,100,False
726,608.3333333333333,100,False
727,96.25,100,False
728,1514.25,100,False
729,13311.499999999998,100,True
730,2853.333333333333,100,False
731,1547.9166666666665,100,False
732,3231.6666666666665,100,False
733,1138.5,100,False
734,8149.583333333333,100,True
735,3442.499999999999,100,False
736,2949.9999999999995,100,False
737,4848.083333333333,100,True
738,2646.6666666666665,100,False
739,1263.5833333333333,100,False
740,111.16666666666666,100,False
741,3008.083333333333,100,False
742,2756.5,100,False
743,961.9166666666665,100,False
744,282.16666666666663,100,False
745,618.9166666666666,100,False
746,337.5833333333333,100,False
747,131.25,100,False
748,3667.4999999999995,100,True
749,1514.4999999999998,100,False
750,5117.333333333333,100,True
751,531.4999999999999,100,False
752,654.3333333333333,100,False
753,1716.583333333333,100,False
754,9209.416666666666,100,True
755,1346.25,100,False
756,30261.16666666666,100,True
757,0.5,100,False
758,230.58333333333331,100,False
759,2010.333333333333,100,False
760,6038.75,100,True
761,276.75,100,False
762,3294.833333333333,100,False
763,1835.6666666666665,100,False
764,3227.9999999999995,100,False
765,1985.0,100,False
766,1839.083333333333,100,False
767,2185.9166666666665,100,False
768,1613.6666666666665,100,False
769,2019.9166666666663,100,False
770,3233.083333333333,100,False
771,2624.2499999999995,100,False
772,5883.999999999999,100,True
773,3120.833333333333,100,False
774,2516.333333333333,100,False
775,4346.833333333333,100,True
776,4767.416666666666,100,True
777,1801.0833333333333,100,False
778,2835.916666666666,100,False
779,0.0,100,False
780,104.16666666666666,100,False
781,5995.583333333332,100,True
782,3127.666666666666,100,False
783,4150.416666666666,100,True
784,4448.583333333333,100,True
785,796.4166666666665,100,False
786,7802.999999999999,100,True
787,3193.333333333333,100,False
788,45782.5,100,True
789,7241.916666666667,100,True
790,8004.083333333332,100,True
791,30065.58333333333,100,True
792,2883.833333333333,100,False
793,34.0,100,False
794,3073.583333333333,100,False
795,4444.166666666666,100,True
796,2380.4166666666665,100,False
797,1365.6666666666665,100,False
798,332.16666666666663,100,False
799,4375.499999999999,100,True
800,3171.1666666666665,100,False
801,1913.2499999999998,100,False
802,1425.6666666666665,100,False
803,684.4999999999999,100,False
804,3378.5,100,False
805,337.0,100,False
806,6583.166666666666,100,True
807,1238.3333333333333,100,False
808,2.083333333333333,100,False
809,3102.9166666666665,100,False
810,3888.083333333333,100,True
811,2329.333333333333,100,False
812,926.3333333333333,100,False
813,1296.0,100,False
814,2726.833333333333,100,False
815,40.33333333333333,100,False
816,364.3333333333333,100,False
817,8162.916666666666,100,True
818,899.9166666666665,100,False
819,274.1666666666667,100,False
820,386.08333333333326,100,False
821,1097.75,100,False
822,233.49999999999997,100,False
823,227.08333333333331,100,False
824,2569.8333333333335,100,False
825,4009.1666666666665,100,True
826,1600.5833333333333,100,False
827,1581.9166666666667,100,False
828,1389.9166666666663,100,False
829,305.6666666666667,100,False
830,2209.4166666666665,100,False
831,2587.416666666666,100,False
832,1860.5,100,False
833,67.16666666666666,100,False
834,155.33333333333331,100,False
835,521.5,100,False
836,1756.1666666666665,100,False
837,350.91666666666663,100,False
838,414.75,100,False
839,131754.3333333333,100,True
840,2278.9166666666665,100,False
841,304.91666666666663,100,False
842,399.3333333333333,100,False
843,1592.083333333333,100,False
844,1042.25,100,False
845,1836.9999999999995,100,False
846,1043.1666666666665,100,False
847,1874.0833333333333,100,False
848,2652.75,100,False
849,2586.2499999999995,100,False
850,3102.1666666666665,100,False
851,990.6666666666666,100,False
852,458.66666666666663,100,False
853,1568.333333333333,100,False
854,794.25,100,False
855,11036.5,100,True
856,2105.666666666666,100,False
857,1372.8333333333333,100,False
858,12526.333333333332,100,True
859,1154.4166666666665,100,False
860,25751.916666666664,100,True
861,59578.83333333333,100,True
862,666.6666666666666,100,False
863,2239.1666666666665,100,False
864,2014.9166666666663,100,False
865,84.58333333333333,100,False
866,124.24999999999999,100,False
867,92.58333333333333,100,False
868,10.666666666666666,100,False
869,938017.7499999999,100,True
870,1027.6666666666665,100,False
871,2161.4999999999995,100,False
872,34.916666666666664,100,False
873,685.1666666666665,100,False
874,15846.333333333332,100,True
875,116.66666666666666,100,False
876,4884.25,100,True
877,5969.166666666666,100,True
878,217.16666666666666,100,False
879,10035.0,100,True
880,1192.1666666666665,100,False
881,76874.16666666666,100,True
882,22321.916666666664,100,True
883,177.66666666666666,100,False
884,342.3333333333333,100,False
885,141.91666666666663,100,False
886,6961.999999999998,100,True
887,197.5,100,False
888,1047.1666666666667,100,False
889,2695.4166666666665,100,False
890,4997.25,100,True
891,966880.0833333333,100,True
892,3305.833333333333,100,False
893,0.0,100,False
894,4524.666666666666,100,True
895,66.16666666666666,100,False
896,2342.166666666666,100,False
897,3514.4166666666665,100,False
898,18648.333333333332,100,True
899,672140.8333333334,100,True
900,7938.75,100,True
901,276.25,100,False
902,2.4166666666666665,100,False
903,286585.25,100,True
904,284.0833333333333,100,False
905,796.2499999999999,100,False
906,18.083333333333332,100,False
907,708.5833333333333,100,False
908,0.41666666666666663,100,False
909,6561.249999999999,100,True
910,4671.916666666666,100,True
911,268.8333333333333,100,False
912,241.58333333333331,100,False
913,133.0,100,False
914,509.66666666666663,100,False
915,1057.4166666666665,100,False
916,1130.5833333333333,100,False
917,199.75,100,False
918,2801.5833333333335,100,False
919,0.1666666666666666,100,False
920,1182.1666666666665,100,False
921,221.41666666666663,100,False
922,33936.916666666664,100,True
923,0.0,100,False
924,729377.6666666666,100,True
925,230251.8333333333,100,True
926,505960.3333333333,100,True
927,4820.0,100,True
928,14.916666666666666,100,False
929,70.33333333333333,100,False
930,1709.5,100,False
931,102.08333333333333,100,False
932,80101.49999999999,100,True
933,12.083333333333332,100,False
934,124.49999999999999,100,False
935,16.333333333333332,100,False
936,200.5,100,False
937,171.16666666666666,100,False
938,130524.83333333333,100,True
939,533.8333333333333,100,False
940,10.666666666666666,100,False
941,70.91666666666666,100,False
942,436.25,100,False
943,59.33333333333333,100,False
944,62.166666666666664,100,False
945,2258.6666666666665,100,False
946,14.666666666666666,100,False
947,2224.9999999999995,100,False
948,1615.3333333333333,100,False
949,616.4166666666666,100,False
950,1534.2499999999998,100,False
951,168953.75,100,True
952,49277.74999999999,100,True
953,1780.3333333333333,100,False
954,21.166666666666668,100,False
955,110.99999999999999,100,False
956,71258.33333333333,100,True
957,60.74999999999999,100,False
958,6402.499999999999,100,True
959,944.4166666666666,100,False
960,552.25,100,False
961,243.91666666666663,100,False
962,1438.3333333333333,100,False
963,196.66666666666666,100,False
964,11934.666666666666,100,True
965,1801.0,100,False
966,1226.75,100,False
967,3880.666666666666,100,True
968,573.7499999999999,100,False
969,23.333333333333332,100,False
970,15347.583333333332,100,True
971,11162.583333333332,100,True
973,393.3333333333333,100,False
974,2341.1666666666665,100,False
975,41.66666666666666,100,False
976,686.4999999999999,100,False
977,1036.4166666666665,100,False
978,1744.0,100,False
979,57.0,100,False
980,2087.25,100,False
981,1527.6666666666665,100,False
982,7461.833333333333,100,True
983,984.5833333333333,100,False
984,296.25,100,False
985,1002.6666666666666,100,False
986,13271.5,100,True
987,1678.8333333333333,100,False
988,12.416666666666666,100,False
989,3756.833333333333,100,True
990,3062.083333333333,100,False
991,23682.08333333333,100,True
992,80.0,100,False
993,5708.25,100,True
994,6826.75,100,True
995,12507.749999999998,100,True
996,1222.0833333333333,100,False
997,2974.833333333333,100,False
998,2467.0,100,False
999,76420.5,100,True
1000,4462154.416666666,100,True
1001,2552.083333333333,100,False
1002,0.0,100,False
1003,0.0,100,False
1004,0.0,100,False
1005,3044.333333333333,100,False
1006,37.49999999999999,100,False
1007,2879.5,100,False
1008,6708.833333333333,100,True
1009,21094.333333333332,100,True
1010,1170.4166666666665,100,False
1011,158581.0833333333,100,True
1012,11714.833333333332,100,True
1013,1019.5833333333333,100,False
1014,2614.083333333333,100,False
1015,622.5,100,False
1016,17844.583333333332,100,True
1017,1314.5833333333333,100,False
1018,16165.33333333333,100,True
1019,5878.666666666666,100,True
1020,343.3333333333333,100,False
1021,247.16666666666663,100,False
1022,4687.166666666666,100,True
1023,15249.833333333332,100,True
1024,0.6666666666666666,100,False
1025,3123.833333333333,100,False
1026,15819.5,100,True
1027,84.83333333333333,100,False
1028,440.08333333333326,100,False
1029,15.166666666666666,100,False
1030,746.0,100,False
1031,38600.5,100,True
1032,481.16666666666663,100,False
1033,2424.5,100,False
1034,0.0,100,False
1035,1265.4166666666665,100,False
1036,2817.9166666666665,100,False
1037,49219.33333333333,100,True
1038,478524.6666666666,100,True
1039,1203.6666666666665,100,False
1040,10886.25,100,True
1041,278.41666666666663,100,False
1042,8933.666666666666,100,True
1043,4569.166666666666,100,True
1044,11074.083333333332,100,True
1045,54.166666666666664,100,False
1046,5173.999999999999,100,True
1047,2499.25,100,False
1048,99.33333333333331,100,False
1049,1365.6666666666665,100,False
1050,2050.75,100,False
1051,15.583333333333332,100,False
1052,90.08333333333331,100,False
1053,0.0,100,False
1054,2548.4999999999995,100,False
1055,69.83333333333331,100,False
1056,132.91666666666666,100,False
1057,16667.5,100,True
1058,148095.41666666666,100,True
1059,52.49999999999999,100,False
1060,627.1666666666666,100,False
1061,960.0833333333333,100,False
1062,185.99999999999997,100,False
1063,0.0,100,False
1064,487.83333333333326,100,False
1065,5546.583333333333,100,True
1066,3355.2499999999995,100,False
1067,2822.1666666666665,100,False
1068,1386.3333333333333,100,False
1069,1791.5833333333333,100,False
1070,54.91666666666666,100,False
1071,0.0,100,False
1072,852.8333333333333,100,False
1073,61.83333333333333,100,False
1074,76764.08333333333,100,True
1075,390.08333333333326,100,False
1076,302.16666666666663,100,False
1077,232.66666666666666,100,False
1078,161.58333333333331,100,False
1079,308.5833333333333,100,False
1080,45.24999999999999,100,False
1081,71.08333333333333,100,False
1082,87.41666666666666,100,False
1083,1642.5,100,False
1084,7227.166666666667,100,True
1085,4000.6666666666665,100,True
1086,2904.0833333333335,100,False
1087,3992.083333333333,100,True
1088,4009.1666666666665,100,True
1089,0.1666666666666666,100,False
1090,5057.416666666666,100,True
1091,4385.916666666666,100,True
1092,1255.1666666666665,100,False
1093,1206.9166666666665,100,False
1094,841.4166666666665,100,False
1095,1698.0,100,False
1096,59.58333333333332,100,False
1097,980800.5,100,True
1098,11398.333333333332,100,True
1099,2015.9166666666665,100,False
1100,6094.5,100,True
1101,76596.25,100,True
1102,469.3333333333333,100,False
1103,1438.3333333333333,100,False
1104,78.74999999999999,100,False
1105,1012.4166666666666,100,False
1106,0.0,100,False
1107,0.0,100,False
1108,770.9166666666666,100,False
1109,1663.8333333333333,100,False
1110,16.5,100,False
1111,4561.499999999999,100,True
1112,26.999999999999993,100,False
1113,89.75,100,False
1114,393.16666666666663,100,False
1115,1454.5,100,False
1116,2342.833333333333,100,False
1117,2452.166666666666,100,False
1118,2907.75,100,False
1119,1794.25,100,False
1120,117.16666666666666,100,False
1121,1479.5,100,False
1122,2753.833333333333,100,False
1123,85.66666666666666,100,False
1124,3967.9166666666665,100,True
1125,380.41666666666663,100,False
1126,56.58333333333333,100,False
1127,1262.0,100,False
1128,20112.583333333332,100,True
1129,429.24999999999994,100,False
1130,668.5,100,False
1131,0.0,100,False
1132,212.0,100,False
1133,896.25,100,False
1134,387321.99999999994,100,True
1135,706.7499999999999,100,False
1136,3174.5,100,False
1137,1678.1666666666665,100,False
1138,4012.5,100,True
1139,2111.0,100,False
1140,503.91666666666663,100,False
1141,1419.5,100,False
1142,199.5,100,False
1143,31409.83333333333,100,True
1144,156.25,100,False
1145,330.33333333333326,100,False
1146,6.5,100,False
1147,1562.4166666666665,100,False
1148,451.08333333333326,100,False
1149,1335.8333333333333,100,False
1150,17496.166666666664,100,True
1151,9.0,100,False
1152,635.0,100,False
1153,2132.333333333333,100,False
1154,172.83333333333331,100,False
1155,450.33333333333326,100,False
1156,9005.999999999998,100,True
1157,10447.0,100,True
1158,30843.916666666664,100,True
1159,3742.666666666666,100,True
1160,129.83333333333331,100,False
1161,2765.8333333333335,100,False
1162,10499.0,100,True
1163,5935.25,100,True
1164,2157.0,100,False
1165,1784.0833333333333,100,False
1166,5533.916666666666,100,True
1167,233.83333333333331,100,False
1168,1302.0,100,False
1169,215688.83333333334,100,True
1170,117412.91666666667,100,True
1171,294852.25,100,True
1172,142.41666666666666,100,False
1173,47.83333333333333,100,False
1174,350.25,100,False
1175,524.25,100,False
1176,52.249999999999986,100,False
1177,1475.9166666666665,100,False
1178,836.75,100,False
1179,293.5,100,False
1180,98.0,100,False
1181,314.49999999999994,100,False
1182,1826.3333333333333,100,False
1183,2047.9166666666665,100,False
1184,1129.75,100,False
1185,5567.416666666666,100,True
1186,4311.333333333333,100,True
1187,1396.4999999999995,100,False
1188,1440.0833333333333,100,False
1189,3813.6666666666665,100,True
1190,3318.749999999999,100,False
1191,3937.5,100,True
1192,5897.083333333333,100,True
1193,756.8333333333334,100,False
1194,1560.9999999999998,100,False
1195,342.74999999999994,100,False
1196,2845.916666666666,100,False
1197,2159.666666666666,100,False
1198,1985.0,100,False
1199,700.1666666666666,100,False
1200,5162.249999999999,100,True
1201,3503.4999999999995,100,False
1202,2613.25,100,False
1203,397.99999999999994,100,False
1204,1577.3333333333333,100,False
1205,3607.9999999999995,100,False
1206,3314.583333333333,100,False
1207,2561.0,100,False
1208,763.5833333333333,100,False
1209,2027.0,100,False
1210,6391.583333333333,100,True
1211,9454.75,100,True
1212,2896.7499999999995,100,False
1213,1742.2499999999995,100,False
1214,2605.4166666666665,100,False
1215,2146.0833333333335,100,False
1216,1206.5,100,False
1217,8924.416666666666,100,True
1218,1316.1666666666665,100,False
1219,109.25,100,False
1220,270601.9166666666,100,True
1221,5187.166666666666,100,True
1222,1599.9166666666665,100,False
1223,275.91666666666663,100,False
1224,811.4999999999999,100,False
1225,279.75,100,False
1226,889.0,100,False
1227,324.24999999999994,100,False
1228,1045.5,100,False
1229,1769.7499999999998,100,False
1230,101.16666666666666,100,False
1231,507.16666666666663,100,False
1232,5207.583333333333,100,True
1233,2424.9166666666665,100,False
1234,544.4166666666665,100,False
1235,1963.8333333333333,100,False
1236,444.8333333333333,100,False
1237,2487.333333333333,100,False
1238,3353.5833333333326,100,False
1239,6280.583333333333,100,True
1240,7307.333333333332,100,True
1241,655.0833333333333,100,False
1242,3246.0,100,False
1243,1989.75,100,False
1244,2734.9999999999995,100,False
1245,1394.25,100,False
1246,1640.25,100,False
1247,1841.1666666666665,100,False
1248,5649.25,100,True
1249,4430.416666666667,100,True
1250,1110.8333333333333,100,False
1251,1033.9166666666665,100,False
1252,1477.4166666666665,100,False
1253,3530.7499999999995,100,False
1254,4457.583333333333,100,True
1255,2739.8333333333335,100,False
1256,74574.16666666666,100,True
1257,1136.583333333333,100,False
1258,2485.25,100,False
1259,1027.0833333333333,100,False
1260,2921.666666666666,100,False
1261,2545.083333333333,100,False
1262,5617.249999999999,100,True
1263,6835.749999999999,100,True
1264,5158.166666666666,100,True
1265,4639.083333333333,100,True
1266,4886.166666666666,100,True
1267,1455.0833333333333,100,False
1268,2974.9999999999995,100,False
1269,5072.416666666666,100,True
1270,3093.6666666666665,100,False
1271,261593.66666666666,100,True
1272,29468.166666666664,100,True
1273,152.0,100,False
1274,2173.6666666666665,100,False
1275,2063.333333333333,100,False
1276,2921.583333333333,100,False
1277,2782.833333333333,100,False
1278,629.5833333333333,100,False
1279,4353.0,100,True
1280,1032.8333333333333,100,False
1281,1369.9166666666665,100,False
1282,2656.25,100,False
1283,2767.6666666666665,100,False
1284,9880.666666666664,100,True
1285,99868.0,100,True
1286,6126.416666666666,100,True
1287,469739.49999999994,100,True
1288,2864.7499999999995,100,False
1289,2075.4166666666665,100,False
1290,878.1666666666666,100,False
1291,333.8333333333333,100,False
1292,2260.2499999999995,100,False
1293,1270.9166666666665,100,False
1294,1830.416666666666,100,False
1295,7567.75,100,True
1296,3374.5,100,False
1297,2272.9999999999995,100,False
1298,2348.583333333333,100,False
1299,3297.916666666666,100,False
1300,453.41666666666663,100,False
1301,4796.333333333333,100,True
1302,194.08333333333331,100,False
1303,1863.7499999999995,100,False
1304,620.3333333333333,100,False
1305,156.75,100,False
1306,1969.5,100,False
1307,1456.1666666666667,100,False
1308,2150.9999999999995,100,False
1309,0.2499999999999999,100,False
1310,182143.25,100,True
1311,2239.2499999999995,100,False
1312,5777.833333333333,100,True
1313,3621.7499999999995,100,False
1314,1514.833333333333,100,False
1315,167.66666666666666,100,False
1316,5272.833333333333,100,True
1317,28361.0,100,True
1318,1402.0833333333333,100,False
1319,686.8333333333333,100,False
1320,217.08333333333331,100,False
1321,237.91666666666663,100,False
1322,86.25,100,False
1323,163.91666666666666,100,False
1324,175.66666666666666,100,False
1325,745.9999999999999,100,False
1326,219.83333333333331,100,False
1327,3150.083333333333,100,False
1328,2246.9999999999995,100,False
1329,3834.833333333333,100,True
1330,4408.166666666666,100,True
1331,30695.41666666666,100,True
1332,25099.166666666664,100,True
1333,88.25,100,False
1334,948.5833333333333,100,False
1335,6885.5,100,True
1336,3678.1666666666665,100,True
1337,638.7499999999999,100,False
1338,1871.9166666666665,100,False
1339,381.16666666666663,100,False
1340,1019.3333333333333,100,False
1341,95.25,100,False
1342,99.58333333333333,100,False
1343,163567.0833333333,100,True
1344,3832.75,100,True
1345,25115.416666666664,100,True
1346,723.8333333333333,100,False
1347,184.25,100,False
1348,207.58333333333331,100,False
1349,67.25,100,False
1350,398.49999999999994,100,False
1351,290.8333333333333,100,False
1352,16.416666666666664,100,False
1353,19819.0,100,True
1354,5098.833333333333,100,True
1355,372.25,100,False
1356,1320.25,100,False
1357,1703.4999999999995,100,False
1358,25247.333333333332,100,True
1359,112.91666666666664,100,False
1360,195.5,100,False
1361,1840.583333333333,100,False
1362,162.58333333333331,100,False
1363,71.75,100,False
1364,504.1666666666666,100,False
1365,3.75,100,False
1366,306.25,100,False
1367,7906.999999999999,100,True
1368,1865.4166666666665,100,False
1369,3010.5,100,False
1370,714.3333333333333,100,False
1371,2195.416666666666,100,False
1372,3709.1666666666665,100,True
1373,571.0,100,False
1374,96.0,100,False
1375,438.66666666666663,100,False
1376,197.99999999999997,100,False
1377,1881.8333333333333,100,False
1378,435.5833333333333,100,False
1379,4324.416666666666,100,True
1380,1356.9166666666665,100,False
1381,124.0,100,False
1382,408.5,100,False
1383,116.83333333333331,100,False
1384,328.5,100,False
1385,323.41666666666663,100,False
1386,123.0,100,False
1387,323.58333333333326,100,False
1388,643.9166666666666,100,False
1389,2764.4166666666665,100,False
1390,1457.5,100,False
1391,4485.416666666666,100,True
1393,921.4166666666665,100,False
1394,23531.833333333332,100,True
1395,33549.08333333333,100,True
1396,0.0,100,False
1397,57442.24999999999,100,True
1398,0.0,100,False
1399,725.9999999999999,100,False
1400,10872.166666666666,100,True
1401,7380.666666666666,100,True
1402,365.58333333333326,100,False
1403,858.6666666666666,100,False
1404,164.08333333333334,100,False
1405,253.91666666666666,100,False
1406,6.833333333333333,100,False
1407,252.25,100,False
1408,3522.833333333333,100,False
1409,1.3333333333333328,100,False
1410,53.66666666666666,100,False
1411,74.74999999999999,100,False
1412,36742.58333333333,100,True
1413,0.0,100,False
1414,1.9166666666666663,100,False
1415,6390.583333333333,100,True
1416,131038.91666666666,100,True
1417,35.416666666666664,100,False
1418,6309.166666666666,100,True
1419,232.91666666666663,100,False
1420,279.66666666666663,100,False
1421,7985.499999999999,100,True
1422,455.41666666666663,100,False
1423,656.0833333333333,100,False
1424,2454.4166666666665,100,False
1425,2132.666666666666,100,False
1426,0.0,100,False
1427,222.5,100,False
1428,195.66666666666666,100,False
1429,110.24999999999999,100,False
1430,268.75,100,False
1431,54432.25,100,True
1432,2326.5,100,False
1433,1708.5,100,False
1434,178.66666666666666,100,False
1435,576.3333333333334,100,False
1436,30.749999999999996,100,False
1437,93.91666666666666,100,False
1438,2525.4166666666665,100,False
1439,2188.333333333333,100,False
1440,47652.24999999999,100,True
1441,2571.0,100,False
1442,529.25,100,False
1443,582.3333333333333,100,False
1444,510.4999999999999,100,False
1445,307.0833333333333,100,False
1446,198.16666666666666,100,False
1447,0.0,100,False
1448,398.16666666666663,100,False
1449,336.33333333333326,100,False
1450,533.3333333333333,100,False
1451,1197.0,100,False
1452,1719.5833333333333,100,False
1453,27609.916666666664,100,True
1454,115.41666666666666,100,False
1455,110535.25,100,True
1456,0.0,100,False
1457,305.0833333333333,100,False
1458,2394.083333333333,100,False
1459,5404.5,100,True
1460,72.5,100,False
1461,2038.1666666666665,100,False
1462,2863.8333333333335,100,False
1463,19183.666666666664,100,True
1464,2130.916666666666,100,False
1465,171.83333333333331,100,False
1466,1830.2499999999998,100,False
1467,1019.4166666666665,100,False
1468,76457.66666666666,100,True
1469,172.08333333333331,100,False
1470,5388.75,100,True
1471,3045.9166666666665,100,False
1472,26792.41666666666,100,True
1473,4013.75,100,True
1474,570.25,100,False
1475,65742.41666666667,100,True
1476,363.49999999999994,100,False
1477,12936.583333333332,100,True
1478,1578.4166666666663,100,False
1479,1133.25,100,False
1480,1900.4999999999995,100,False
1481,4642.5,100,True
1482,1591.8333333333333,100,False
1483,218.66666666666663,100,False
1484,1602.2499999999998,100,False
1485,42346.49999999999,100,True
1486,2060.083333333333,100,False
1487,8067.833333333333,100,True
1488,2204.75,100,False
1489,987.25,100,False
1490,721.0833333333333,100,False
1491,51.08333333333333,100,False
1492,938.0833333333333,100,False
1493,3698.916666666666,100,True
1494,714.2499999999999,100,False
1495,9522.916666666664,100,True
1496,17267.0,100,True
1497,1503.1666666666665,100,False
1498,555.5,100,False
1499,518.0,100,False
1500,1346.333333333333,100,False
1501,347.74999999999994,100,False
1502,1602.8333333333333,100,False
1503,3390.083333333333,100,False
1504,1549.5833333333333,100,False
1505,480.0,100,False
1506,3753.083333333333,100,True
1507,169.66666666666666,100,False
1508,2361.5,100,False
1509,7562.749999999999,100,True
1510,1562.4999999999995,100,False
1511,407.24999999999994,100,False
1512,14055.416666666664,100,True
1513,29.0,100,False
1514,3449.6666666666665,100,False
1515,3500.25,100,False
1516,335.3333333333333,100,False
1517,676.4166666666666,100,False
1518,1624.2499999999995,100,False
1519,508.08333333333326,100,False
1520,1413.5833333333333,100,False
1521,5163.666666666666,100,True
1522,2893.083333333333,100,False
1523,2472.333333333333,100,False
1524,1236.3333333333333,100,False
1525,7810.0,100,True
1526,1027.75,100,False
1527,3742.416666666666,100,True
1528,5826.249999999999,100,True
1529,1400.1666666666665,100,False
1530,14616.5,100,True
1531,884.25,100,False
1532,31.166666666666664,100,False
1533,27.416666666666664,100,False
1534,0.0,100,False
1535,1961.0833333333328,100,False
1536,91.91666666666666,100,False
1537,11.333333333333332,100,False
1538,212.16666666666666,100,False
1539,1204.75,100,False
1540,1423.9166666666665,100,False
1541,1487.5833333333333,100,False
1542,1385.1666666666665,100,False
1543,870.8333333333333,100,False
1544,3068.166666666666,100,False
1545,748.0,100,False
1546,11436.0,100,True
1547,19193.25,100,True
1548,1101.9166666666665,100,False
1549,7578.249999999999,100,True
1550,220165.75,100,True
1551,2036.6666666666665,100,False
1552,1158.5,100,False
1553,5126.5,100,True
1554,10487.416666666666,100,True
1555,33493.416666666664,100,True
1556,1123.9166666666665,100,False
1557,4292.666666666667,100,True
0,36217416.416666664,500,True
1,96.66666666666667,500,False
2,38610.416666666664,500,False
3,14986240.416666666,500,True
4,261.66666666666663,500,False
5,58.5,500,False
6,18.083333333333332,500,False
7,51661.74999999999,500,False
8,12.249999999999998,500,False
9,153131.16666666666,500,True
10,21347.0,500,False
11,9239.416666666666,500,False
12,7424998.25,500,True
13,540655.8333333333,500,True
14,667.3333333333333,500,False
15,9346.5,500,False
16,1462.3333333333333,500,False
17,2847.583333333333,500,False
18,493855.1666666666,500,True
19,15157.583333333332,500,False
20,1327965.9166666665,500,True
21,478025.08333333326,500,True
22,213979.3333333333,500,True
23,1485.083333333333,500,False
24,39057.83333333333,500,False
25,573058.8333333333,500,True
26,3297.333333333333,500,False
27,5430.333333333333,500,False
28,241460.0833333333,500,True
29,491355.49999999994,500,True
30,408.8333333333333,500,False
31,11612.666666666666,500,False
32,832.9999999999999,500,False
33,6443.749999999999,500,False
34,2906.583333333333,500,False
35,110241.0,500,True
36,11287.5,500,False
37,67842.41666666666,500,False
38,7297.333333333333,500,False
39,98.49999999999999,500,False
40,1681.25,500,False
41,12040.749999999998,500,False
42,3778.583333333333,500,False
43,1455.4166666666665,500,False
44,2975.666666666666,500,False
45,6014.666666666666,500,False
46,3044.583333333333,500,False
47,3612.6666666666665,500,False
48,43936.74999999999,500,False
49,42241.24999999999,500,False
50,4161.749999999999,500,False
51,3170.7499999999995,500,False
52,61.33333333333332,500,False
53,568.4166666666666,500,False
54,61.58333333333333,500,False
55,166.99999999999997,500,False
56,34243.916666666664,500,False
57,89494.83333333333,500,False
58,18113.833333333332,500,False
59,21333.833333333332,500,False
60,588.5833333333333,500,False
61,2245.666666666667,500,False
62,178616.8333333333,500,True
63,771.0,500,False
64,4126.416666666666,500,False
65,9463.083333333334,500,False
66,1858.583333333333,500,False
67,2601.083333333333,500,False
68,6488.916666666666,500,False
69,961.1666666666666,500,False
70,616.4166666666666,500,False
71,5507.166666666667,500,False
72,10198.249999999998,500,False
73,12993.333333333332,500,False
74,2015.8333333333333,500,False
75,846.5,500,False
76,329298.4166666666,500,True
77,78.75,500,False
78,3159.5,500,False
79,3723.166666666666,500,False
80,254.91666666666663,500,False
81,162545.91666666666,500,True
82,8102.833333333333,500,False
83,4808.416666666666,500,False
84,1999.0,500,False
85,1512.8333333333333,500,False
86,145.91666666666666,500,False
87,38231.666666666664,500,False
88,89966.91666666666,500,False
89,0.0,500,False
90,52810.08333333333,500,False
91,25541.833333333332,500,False
92,19443.833333333332,500,False
93,91.5,500,False
94,3019.0,500,False
95,3017.666666666666,500,False
96,11722.0,500,False
97,892.9166666666666,500,False
98,15604.333333333332,500,False
99,50608.5,500,False
100,72.74999999999999,500,False
101,81977.74999999999,500,False
102,6629.416666666666,500,False
103,405.24999999999994,500,False
104,54198.83333333332,500,False
105,2571.6666666666665,500,False
106,6506.166666666667,500,False
107,22357.583333333332,500,False
108,14796.083333333332,500,False
109,1260.0,500,False
110,645.8333333333333,500,False
111,1514.4999999999998,500,False
112,5970.166666666666,500,False
113,1346.25,500,False
114,30261.16666666666,500,False
115,6394.499999999999,500,False
116,4346.833333333333,500,False
117,1801.0833333333333,500,False
118,7396.999999999999,500,False
119,1389.9166666666663,500,False
120,1860.5,500,False
121,23111.666666666664,500,False
122,3965.4999999999995,500,False
123,15846.333333333332,500,False
124,1192.1666666666665,500,False
125,1674.3333333333333,500,False
126,5559.25,500,False
127,14.916666666666666,500,False
128,49277.74999999999,500,False
129,71965.08333333333,500,False
130,6402.499999999999,500,False
131,1222.0833333333333,500,False
132,0.0,500,False
133,3044.333333333333,500,False
134,25284.833333333332,500,False
135,22264.75,500,False
136,11714.833333333332,500,False
137,1203.6666666666665,500,False
138,10939.916666666666,500,False
139,2499.25,500,False
140,105.66666666666664,500,False
141,148095.41666666666,500,True
142,0.0,500,False
143,96583.08333333333,500,True
144,7227.166666666667,500,False
145,4000.6666666666665,500,False
146,2904.0833333333335,500,False
147,5632.083333333333,500,False
148,20112.583333333332,500,False
149,1553.1666666666665,500,False
150,387321.99999999994,500,True
151,2567.2499999999995,500,False
152,199.5,500,False
153,3318.749999999999,500,False
154,768.1666666666667,500,False
155,3503.4999999999995,500,False
156,5187.166666666666,500,False
157,544.4166666666665,500,False
158,2921.583333333333,500,False
159,2075.4166666666665,500,False
160,1270.9166666666665,500,False
161,1863.7499999999995,500,False
162,1514.833333333333,500,False
163,1402.0833333333333,500,False
164,4408.166666666666,500,False
165,398.49999999999994,500,False
166,8550.916666666666,500,False
167,3010.5,500,False
168,6.833333333333333,500,False
169,131038.91666666666,500,True
170,2893.083333333333,500,False
171,19193.25,500,False
172,10487.416666666666,500,False
173,33493.416666666664,500,False
0,47808090.08333333,1000,True
1,18532401.583333332,1000,True
2,1858.583333333333,1000,False
3,2499.25,1000,False
0,8794683.333333332,250,True
1,16044266.333333332,250,True
2,96.66666666666667,250,False
3,37577.58333333333,250,True
4,11466824.999999998,250,True
5,300559.4166666666,250,True
6,449756.4166666666,250,True
7,261.66666666666663,250,False
8,58.5,250,False
9,18.083333333333332,250,False
10,42.5,250,False
11,12.249999999999998,250,False
12,1754144.6666666665,250,True
13,141194.91666666663,250,True
14,153131.16666666666,250,True
15,7710.416666666666,250,False
16,15715.083333333332,250,False
17,8100.416666666666,250,False
18,7303509.833333333,250,True
19,48453.41666666666,250,True
20,288307.4166666666,250,True
21,1567.7499999999998,250,False
22,469.83333333333326,250,False
23,3093.4166666666665,250,False
24,1462.3333333333333,250,False
25,588.7499999999999,250,False
26,493855.1666666666,250,True
27,14183.166666666666,250,False
28,421332.24999999994,250,True
29,2292.333333333333,250,False
30,650.8333333333333,250,False
31,4190.5,250,False
32,226795.74999999997,250,True
33,230453.3333333333,250,True
34,476586.83333333326,250,True
35,1090739.9166666665,250,True
36,2476.7499999999995,250,False
37,213979.3333333333,250,True
38,1485.083333333333,250,False
39,62974.08333333333,250,True
40,38307.74999999999,250,True
41,79226.66666666666,250,True
42,9793.499999999998,250,False
43,2425.333333333333,250,False
44,827816.8333333333,250,True
45,39057.83333333333,250,True
46,142188.0,250,True
47,98950.08333333333,250,True
48,224084.0,250,True
49,229433.33333333328,250,True
50,309200.9166666666,250,True
51,13974.583333333332,250,False
52,3297.333333333333,250,False
53,42507.58333333333,250,True
54,1902.583333333333,250,False
55,4468.5,250,False
56,21512.416666666664,250,False
57,230510.74999999997,250,True
58,185993.8333333333,250,True
59,16083.416666666666,250,False
60,17907.083333333332,250,False
61,155653.5,250,True
62,3275.916666666666,250,False
63,408.8333333333333,250,False
64,329238.9166666666,250,True
65,23871.333333333336,250,True
66,85.33333333333333,250,False
67,3959.6666666666665,250,False
68,4474.749999999999,250,False
69,20011.0,250,False
70,72.75,250,False
71,8532.666666666666,250,False
72,10370.999999999998,250,False
73,7957.833333333334,250,False
74,2259.0833333333335,250,False
75,6845.5,250,False
76,832.9999999999999,250,False
77,4437.0,250,False
78,14982.083333333332,250,False
79,1056.6666666666665,250,False
80,239250.3333333333,250,True
81,21414.583333333332,250,False
82,36188.49999999999,250,True
83,12406.0,250,False
84,1243.5833333333333,250,False
85,1108035.4999999998,250,True
86,4558.333333333332,250,False
87,349.5,250,False
88,4074.583333333333,250,False
89,2025.0,250,False
90,5848.333333333333,250,False
91,8984.416666666666,250,False
92,2906.583333333333,250,False
93,4814.833333333333,250,False
94,3.083333333333333,250,False
95,3866.4999999999995,250,False
96,2324.25,250,False
97,1482.1666666666665,250,False
98,165.41666666666666,250,False
99,253.16666666666666,250,False
100,6244.416666666666,250,False
101,6994.833333333333,250,False
102,67508.33333333333,250,True
103,5579.916666666666,250,False
104,410.75,250,False
105,747.7499999999999,250,False
106,7933.916666666666,250,False
107,60.33333333333333,250,False
108,2665.9999999999995,250,False
109,10120.25,250,False
110,2373.166666666666,250,False
111,3707.083333333333,250,False
112,13744.416666666666,250,False
113,5331.833333333333,250,False
114,90.5,250,False
115,481.41666666666663,250,False
116,110.16666666666666,250,False
117,542.8333333333333,250,False
118,7297.333333333333,250,False
119,98.49999999999999,250,False
120,710.3333333333333,250,False
121,1544.3333333333333,250,False
122,1681.25,250,False
123,155.24999999999997,250,False
124,7454.166666666666,250,False
125,3778.583333333333,250,False
126,3740.916666666666,250,False
127,2157.166666666666,250,False
128,1455.4166666666665,250,False
129,180735.3333333333,250,True
130,9164.416666666666,250,False
131,36.0,250,False
132,1136.5833333333333,250,False
133,3791.5,250,False
134,12592.499999999998,250,False
135,2303.1666666666665,250,False
136,2605.75,250,False
137,3821.9166666666665,250,False
138,1664.8333333333333,250,False
139,332.91666666666663,250,False
140,10571.749999999998,250,False
141,1884.7499999999998,250,False
142,6014.666666666666,250,False
143,2189.916666666666,250,False
144,1567.1666666666665,250,False
145,88169.83333333331,250,True
146,134075.66666666666,250,True
147,32961.583333333336,250,True
148,13237.0,250,False
149,113701.66666666666,250,True
150,4479.499999999999,250,False
151,3524.583333333333,250,False
152,7731.75,250,False
153,152.16666666666663,250,False
154,3612.6666666666665,250,False
155,2097.166666666666,250,False
156,15212.083333333332,250,False
157,43936.74999999999,250,True
158,13002.999999999998,250,False
159,334.0833333333333,250,False
160,42241.24999999999,250,True
161,90152.58333333333,250,True
162,159.66666666666666,250,False
163,3170.7499999999995,250,False
164,1475.9166666666667,250,False
165,61.33333333333332,250,False
166,568.4166666666666,250,False
167,560.1666666666666,250,False
168,3092.0,250,False
169,7243.499999999999,250,False
170,346.83333333333326,250,False
171,7186.749999999999,250,False
172,61.58333333333333,250,False
173,122.74999999999999,250,False
174,5.416666666666666,250,False
175,14205.249999999998,250,False
176,1462.75,250,False
177,5819.999999999999,250,False
178,295691.6666666667,250,True
179,148.16666666666666,250,False
180,44.24999999999999,250,False
181,645.4166666666666,250,False
182,1626.1666666666665,250,False
183,451.33333333333326,250,False
184,2160.6666666666665,250,False
185,989.7499999999999,250,False
186,10561.833333333332,250,False
187,11774.083333333332,250,False
188,3193.833333333333,250,False
189,21333.833333333332,250,False
190,2130.6666666666665,250,False
191,3228.833333333333,250,False
192,1480.5,250,False
193,2007.0,250,False
194,2184.5,250,False
195,588.5833333333333,250,False
196,1013.5833333333333,250,False
197,17029.5,250,False
198,8895.416666666666,250,False
199,2245.666666666667,250,False
200,3407.0,250,False
201,227.16666666666663,250,False
202,3523.1666666666665,250,False
203,771.0,250,False
204,4126.416666666666,250,False
205,140.25,250,False
206,8699.5,250,False
207,4804.916666666666,250,False
208,231.5,250,False
209,32616.916666666664,250,True
210,6338.166666666666,250,False
211,1858.583333333333,250,False
212,2601.083333333333,250,False
213,3361.083333333333,250,False
214,6488.916666666666,250,False
215,9846.499999999998,250,False
216,31005.999999999996,250,True
217,3149.166666666666,250,False
218,5211.333333333332,250,False
219,961.1666666666666,250,False
220,99751.49999999999,250,True
221,616.4166666666666,250,False
222,10057.833333333332,250,False
223,3444.916666666666,250,False
224,1745.6666666666665,250,False
225,2595.083333333333,250,False
226,5507.166666666667,250,False
227,3866.6666666666665,250,False
228,3722.9999999999995,250,False
229,12993.333333333332,250,False
230,1351.4166666666665,250,False
231,2905.5833333333335,250,False
232,4414.999999999999,250,False
233,5713.916666666666,250,False
234,2015.8333333333333,250,False
235,1475.833333333333,250,False
236,7664.916666666666,250,False
237,846.5,250,False
238,329245.9166666666,250,True
239,78.75,250,False
240,13382.333333333332,250,False
241,43910.916666666664,250,True
242,1760.9166666666665,250,False
243,2936.333333333333,250,False
244,5946.999999999999,250,False
245,9733.333333333332,250,False
246,3274.7499999999995,250,False
247,62987.33333333333,250,True
248,2249.083333333333,250,False
249,1162.8333333333333,250,False
250,1833.333333333333,250,False
251,2623.5,250,False
252,3249.833333333333,250,False
253,3688.416666666666,250,False
254,771.2499999999999,250,False
255,65.83333333333333,250,False
256,3723.166666666666,250,False
257,17031.666666666664,250,False
258,254.91666666666663,250,False
259,40.58333333333333,250,False
260,146.5,250,False
261,14079.749999999998,250,False
262,5225.583333333333,250,False
263,3932.0,250,False
264,2107.6666666666665,250,False
265,20765.249999999996,250,False
266,2230.083333333333,250,False
267,3218.416666666666,250,False
268,1219.9166666666665,250,False
269,162217.41666666666,250,True
270,105.41666666666666,250,False
271,1138.9999999999998,250,False
272,6969.416666666666,250,False
273,3345.2499999999995,250,False
274,5842.75,250,False
275,4808.416666666666,250,False
276,5588.25,250,False
277,1285.5833333333333,250,False
278,1913.833333333333,250,False
279,1999.0,250,False
280,1396.0,250,False
281,3486.833333333333,250,False
282,145.91666666666666,250,False
283,12595.416666666666,250,False
284,38231.666666666664,250,True
285,1872.583333333333,250,False
286,0.0,250,False
287,960.9999999999999,250,False
288,317.0833333333333,250,False
289,37.58333333333333,250,False
290,4469255.583333333,250,True
291,68.91666666666666,250,False
292,52810.08333333333,250,True
293,3854.7499999999995,250,False
294,426.41666666666663,250,False
295,968.2499999999998,250,False
296,1363.4999999999998,250,False
297,5394.583333333333,250,False
298,0.0,250,False
299,91.5,250,False
300,95.0,250,False
301,0.0,250,False
302,3019.0,250,False
303,2215.6666666666665,250,False
304,6242.916666666666,250,False
305,2168.25,250,False
306,19135.5,250,False
307,388336.25,250,True
308,3017.666666666666,250,False
309,2267.25,250,False
310,1242.9166666666665,250,False
311,1960.6666666666667,250,False
312,0.0,250,False
313,135.49999999999997,250,False
314,892.9166666666666,250,False
315,1619.0,250,False
316,15604.333333333332,250,False
317,4323.499999999999,250,False
318,2260.083333333333,250,False
319,17172.916666666664,250,False
320,596.25,250,False
321,1438.25,250,False
322,5616.666666666666,250,False
323,421.5,250,False
324,17059.416666666668,250,False
325,96.08333333333333,250,False
326,1317.333333333333,250,False
327,941.5,250,False
328,72.74999999999999,250,False
329,81977.74999999999,250,True
330,2.5,250,False
331,1743.25,250,False
332,405.24999999999994,250,False
333,466.49999999999994,250,False
334,79.16666666666666,250,False
335,6073.75,250,False
336,20361.249999999996,250,False
337,334.58333333333326,250,False
338,284.8333333333333,250,False
339,7926.0,250,False
340,7470.416666666666,250,False
341,493.91666666666663,250,False
342,2424.1666666666665,250,False
343,54198.83333333332,250,True
344,10476.583333333332,250,False
345,3606.333333333333,250,False
346,2571.6666666666665,250,False
347,4326.083333333333,250,False
348,3083.1666666666665,250,False
349,214.25,250,False
350,8606.25,250,False
351,13801.5,250,False
352,3004.749999999999,250,False
353,411.9999999999999,250,False
354,227.5,250,False
355,6489.666666666667,250,False
356,289.8333333333333,250,False
357,2899.25,250,False
358,22357.583333333332,250,False
359,6375.916666666666,250,False
360,79.49999999999999,250,False
361,35039.25,250,True
362,12276.166666666666,250,False
363,2405.833333333333,250,False
364,1260.0,250,False
365,1938.6666666666665,250,False
366,7754.0,250,False
367,4947.083333333333,250,False
368,645.8333333333333,250,False
369,204.91666666666666,250,False
370,13311.499999999998,250,False
371,1547.9166666666665,250,False
372,3231.6666666666665,250,False
373,1138.5,250,False
374,2756.5,250,False
375,3667.4999999999995,250,False
376,1514.4999999999998,250,False
377,5117.333333333333,250,False
378,531.4999999999999,250,False
379,9209.416666666666,250,False
380,1346.25,250,False
381,30261.16666666666,250,True
382,324.74999999999994,250,False
383,3294.833333333333,250,False
384,1835.6666666666665,250,False
385,3227.9999999999995,250,False
386,1839.083333333333,250,False
387,6195.083333333333,250,False
388,6394.499999999999,250,False
389,3120.833333333333,250,False
390,2516.333333333333,250,False
391,4346.833333333333,250,False
392,1801.0833333333333,250,False
393,104.16666666666666,250,False
394,5851.666666666666,250,False
395,45782.5,250,True
396,30065.58333333333,250,True
397,2380.4166666666665,250,False
398,7396.999999999999,250,False
399,6583.166666666666,250,False
400,3888.083333333333,250,False
401,2329.333333333333,250,False
402,8162.916666666666,250,False
403,1581.9166666666667,250,False
404,1389.9166666666663,250,False
405,305.6666666666667,250,False
406,1860.5,250,False
407,350.91666666666663,250,False
408,1352.8333333333333,250,False
409,1836.9999999999995,250,False
410,3102.1666666666665,250,False
411,990.6666666666666,250,False
412,59578.83333333333,250,True
413,84.58333333333333,250,False
414,10.666666666666666,250,False
415,16216.916666666664,250,False
416,34.916666666666664,250,False
417,15846.333333333332,250,False
418,116.66666666666666,250,False
419,1192.1666666666665,250,False
420,76874.16666666666,250,True
421,22321.916666666664,250,False
422,1674.3333333333333,250,False
423,197.5,250,False
424,1047.1666666666667,250,False
425,5559.25,250,False
426,18648.333333333332,250,False
427,678531.4166666666,250,True
428,276.25,250,False
429,284.0833333333333,250,False
430,796.2499999999999,250,False
431,0.41666666666666663,250,False
432,6561.249999999999,250,False
433,133.0,250,False
434,509.66666666666663,250,False
435,1057.4166666666665,250,False
436,1130.5833333333333,250,False
437,3983.916666666667,250,False
438,221.41666666666663,250,False
439,14.916666666666666,250,False
440,1709.5,250,False
441,102.08333333333333,250,False
442,12.083333333333332,250,False
443,171.16666666666666,250,False
444,10.666666666666666,250,False
445,2224.9999999999995,250,False
446,4294.583333333333,250,False
447,1534.2499999999998,250,False
448,168953.75,250,True
449,49277.74999999999,250,True
450,5093.583333333333,250,False
451,110.99999999999999,250,False
452,71258.33333333333,250,True
453,6402.499999999999,250,False
454,11934.666666666666,250,False
455,3880.666666666666,250,False
456,573.7499999999999,250,False
457,15347.583333333332,250,False
458,11162.583333333332,250,False
460,1527.6666666666665,250,False
461,984.5833333333333,250,False
462,296.25,250,False
463,1002.6666666666666,250,False
464,13271.5,250,False
465,1678.8333333333333,250,False
466,3756.833333333333,250,False
467,23682.08333333333,250,True
468,5708.25,250,False
469,12507.749999999998,250,False
470,1222.0833333333333,250,False
471,2974.833333333333,250,False
472,76420.5,250,True
473,2552.083333333333,250,False
474,0.0,250,False
475,0.0,250,False
476,3044.333333333333,250,False
477,37.49999999999999,250,False
478,6708.833333333333,250,False
479,21094.333333333332,250,False
480,1170.4166666666665,250,False
481,11714.833333333332,250,False
482,1019.5833333333333,250,False
483,18919.166666666664,250,False
484,440.08333333333326,250,False
485,746.0,250,False
486,2424.5,250,False
487,0.0,250,False
488,7091.666666666666,250,False
489,1203.6666666666665,250,False
490,10886.25,250,False
491,11074.083333333332,250,False
492,54.166666666666664,250,False
493,5173.999999999999,250,False
494,2499.25,250,False
495,1365.6666666666665,250,False
496,105.66666666666664,250,False
497,16667.5,250,False
498,148095.41666666666,250,True
499,52.49999999999999,250,False
500,960.0833333333333,250,False
501,185.99999999999997,250,False
502,16548.0,250,False
503,3355.2499999999995,250,False
504,2822.1666666666665,250,False
505,0.0,250,False
506,852.8333333333333,250,False
507,96583.08333333333,250,True
508,2030.3333333333333,250,False
509,302.16666666666663,250,False
510,45.24999999999999,250,False
511,1642.5,250,False
512,7227.166666666667,250,False
513,4000.6666666666665,250,False
514,2904.0833333333335,250,False
515,4009.1666666666665,250,False
516,0.1666666666666666,250,False
517,5632.083333333333,250,False
518,7487.5,250,False
519,841.4166666666665,250,False
520,1698.0,250,False
521,2015.9166666666665,250,False
522,2954.5833333333335,250,False
523,16.5,250,False
524,2730.0,250,False
525,393.16666666666663,250,False
526,7154.166666666666,250,False
527,2290.833333333333,250,False
528,1479.5,250,False
529,1262.0,250,False
530,20112.583333333332,250,False
531,1553.1666666666665,250,False
532,668.5,250,False
533,0.0,250,False
534,387321.99999999994,250,True
535,706.7499999999999,250,False
536,4012.5,250,False
537,2567.2499999999995,250,False
538,199.5,250,False
539,330.33333333333326,250,False
540,1562.4166666666665,250,False
541,10447.0,250,False
542,10499.0,250,False
543,2157.0,250,False
544,1784.0833333333333,250,False
545,5533.916666666666,250,False
546,215688.83333333334,250,True
547,52.249999999999986,250,False
548,3318.749999999999,250,False
549,3937.5,250,False
550,5897.083333333333,250,False
551,756.8333333333334,250,False
552,342.74999999999994,250,False
553,5162.249999999999,250,False
554,3503.4999999999995,250,False
555,1577.3333333333333,250,False
556,2561.0,250,False
557,763.5833333333333,250,False
558,6391.583333333333,250,False
559,9454.75,250,False
560,2605.4166666666665,250,False
561,1206.5,250,False
562,1316.1666666666665,250,False
563,5187.166666666666,250,False
564,275.91666666666663,250,False
565,811.4999999999999,250,False
566,279.75,250,False
567,101.16666666666666,250,False
568,507.16666666666663,250,False
569,2424.9166666666665,250,False
570,544.4166666666665,250,False
571,444.8333333333333,250,False
572,3246.0,250,False
573,1989.75,250,False
574,5649.25,250,False
575,4430.416666666667,250,False
576,1033.9166666666665,250,False
577,1477.4166666666665,250,False
578,1027.0833333333333,250,False
579,5617.249999999999,250,False
580,5158.166666666666,250,False
581,4886.166666666666,250,False
582,3093.6666666666665,250,False
583,2921.583333333333,250,False
584,4353.0,250,False
585,1032.8333333333333,250,False
586,2656.25,250,False
587,2075.4166666666665,250,False
588,1270.9166666666665,250,False
589,4796.333333333333,250,False
590,1863.7499999999995,250,False
591,1969.5,250,False
592,1456.1666666666667,250,False
593,2150.9999999999995,250,False
594,0.2499999999999999,250,False
595,5777.833333333333,250,False
596,1514.833333333333,250,False
597,5272.833333333333,250,False
598,28361.0,250,True
599,1402.0833333333333,250,False
600,686.8333333333333,250,False
601,217.08333333333331,250,False
602,4408.166666666666,250,False
603,6885.5,250,False
604,638.7499999999999,250,False
605,95.25,250,False
606,99.58333333333333,250,False
607,163567.0833333333,250,True
608,3832.75,250,False
609,25115.416666666664,250,True
610,398.49999999999994,250,False
611,5098.833333333333,250,False
612,25247.333333333332,250,True
613,1882.1666666666665,250,False
614,71.75,250,False
615,7906.999999999999,250,False
616,1865.4166666666665,250,False
617,3010.5,250,False
618,714.3333333333333,250,False
619,3709.1666666666665,250,False
620,435.5833333333333,250,False
621,4324.416666666666,250,False
622,116.83333333333331,250,False
623,328.5,250,False
624,323.58333333333326,250,False
625,643.9166666666666,250,False
626,2764.4166666666665,250,False
627,4485.416666666666,250,False
628,23531.833333333332,250,True
629,33549.08333333333,250,True
630,0.0,250,False
631,0.0,250,False
632,10872.166666666666,250,False
633,164.08333333333334,250,False
634,253.91666666666666,250,False
635,6.833333333333333,250,False
636,252.25,250,False
637,1.3333333333333328,250,False
638,53.66666666666666,250,False
639,1.9166666666666663,250,False
640,131038.91666666666,250,True
641,3110.5,250,False
642,529.25,250,False
643,582.3333333333333,250,False
644,307.0833333333333,250,False
645,198.16666666666666,250,False
646,27609.916666666664,250,True
647,115.41666666666666,250,False
648,110535.25,250,True
649,76457.66666666666,250,True
650,172.08333333333331,250,False
651,4013.75,250,False
652,1591.8333333333333,250,False
653,8067.833333333333,250,False
654,1503.1666666666665,250,False
655,1602.8333333333333,250,False
656,480.0,250,False
657,3753.083333333333,250,False
658,407.24999999999994,250,False
659,2893.083333333333,250,False
660,7810.0,250,False
661,1400.1666666666665,250,False
662,14616.5,250,False
663,31.166666666666664,250,False
664,27.416666666666664,250,False
665,1961.0833333333328,250,False
666,91.91666666666666,250,False
667,11.333333333333332,250,False
668,212.16666666666666,250,False
669,1204.75,250,False
670,1423.9166666666665,250,False
671,748.0,250,False
672,19193.25,250,False
673,5126.5,250,False
674,10487.416666666666,250,False
675,33493.416666666664,250,True
676,4292.666666666667,250,False
